callsign	entity	grid	year	qsos	start_ts	end_ts
TS7C	Tunisia	JM56	2009	57187	2009-01-08 07:00:00	2009-01-20 06:59:59
K5D	Desecheo Island	FK68	2009	115590	2009-02-13 23:00:00	2009-02-26 16:39:00
VK9LA	Lord Howe Island	QF98	2009	30160	2009-03-22 06:00:00	2009-04-04 05:59:59
S04R	Western Sahara	IL34	2009	37005	2009-04-12 23:26:00	2009-04-18 11:08:00
FT5GA	Glorioso Island	LH38	2009	50459	2009-09-15 12:04:00	2009-10-07 14:53:00
3D20CR	Conway Reef	RG78	2009	33000	2009-09-30 06:00:00	2009-10-09 05:59:59
K4M	Midway Island	AL18	2009	60787	2009-10-13 12:07:00	2009-10-20 01:10:00
TX3A	Chesterfield Islands	QH90	2009	36148	2009-11-03 07:00:00	2009-12-01 06:59:59
9G5TT, 9G5XX	Ghana	IJ95	2009	39248	2009-11-13 22:57:00	2009-11-27 07:00:00
TX4T	French Polynesia	BH52	2010	34814	2010-02-08 12:31:00	2010-02-26 02:29:00
T32CI, T32MI, T32SI, T32VI	Eastern Kiribati	BJ11	2010	34455	2010-03-25 06:00:00	2010-04-15 05:59:59
YI9PSE	Iraq	LM23	2010	50401	2010-04-03 21:09:00	2010-04-12 09:21:00
IS0R	Sardinia	JM49	2010	40854	2010-05-08 02:33:00	2010-05-14 18:01:00
E4X	Palestine	KM71	2010	80267	2010-05-28 02:01:00	2010-06-07 12:40:00
PJ4B, PJ4D, PJ4I, PJ4W	Bonaire	FK52	2010	34000	2010-10-10 06:00:00	2010-10-23 05:59:59
PJ6A	Saba & St Eustatius	FK87	2010	57515	2010-10-10 06:00:00	2010-10-23 05:59:59
PJ7E	Sint Maarten	FK88	2010	74435	2010-10-10 10:00:00	2010-10-21 04:01:00
5V7TT	Togo	JJ06	2010	55611	2010-10-10 18:08:00	2010-10-23 06:00:00
ZL8X	Kermadec Island	AG10	2010	148570	2010-11-19 14:02:00	2010-12-06 23:37:00
9Q50ON	Dem. Rep. of the Congo	JI75	2010	30507	2010-12-04 07:00:00	2010-12-14 06:59:59
VP8ORK	South Orkney Islands	GC79	2011	63643	2011-01-28 00:28:00	2011-02-08 15:00:00
S9DX	Sao Tome & Principe	JJ30	2011	66697	2011-02-04 22:28:00	2011-02-17 10:24:00
TJ9PF	Cameroon	JJ53	2011	67549	2011-02-11 20:58:00	2011-02-20 19:01:00
4A4A	Revillagigedo	DK48	2011	73088	2011-03-03 07:00:00	2011-03-21 05:59:59
VU4PB	Andaman & Nicobar Islands	NK61	2011	33000	2011-03-15 06:00:00	2011-04-01 05:59:59
5M2TT	Liberia	IJ46	2011	57767	2011-03-31 21:53:00	2011-04-13 06:00:00
T31A	Central Kiribati	BJ11	2011	31751	2011-04-22 05:53:00	2011-04-28 01:00:00
ST0R	Republic of South Sudan	KJ54	2011	121286	2011-07-22 21:36:00	2011-08-10 13:01:00
4W6A	Timor-Leste	PI21	2011	41367	2011-09-16 16:03:00	2011-09-26 03:50:00
OJ0X	Market Reef	JP90	2011	56721	2011-09-20 06:00:00	2011-10-11 05:59:59
T32C	Eastern Kiribati	BJ11	2011	213022	2011-09-25 06:29:00	2011-10-25 04:56:00
3D2R	Rotuma	RH87	2011	66186	2011-09-28 06:00:00	2011-10-06 05:59:59
TX7M, TX5A	Marquesas Islands	BI91	2011	87469	2011-10-19 06:00:00	2011-11-02 05:59:59
3XY1D	Guinea	IJ59	2011	53933	2011-10-19 21:36:00	2011-11-01 13:08:00
ZK2V	Niue	AH50	2011	34199	2011-10-22 06:00:00	2011-12-20 06:59:59
MU/PA9M	Guernsey	IN89	2011	34281	2011-10-23 03:12:00	2011-10-29 17:46:00
TU2T	Cote d\'Ivoire	IJ75	2011	77302	2011-10-27 21:14:00	2011-11-11 07:00:00
HK0NA	Malpelo Island	EJ93	2012	195331	2011-12-31 09:05:00	2012-02-05 23:46:00
C21HA	Nauru	RI39	2012	32393	2012-01-12 07:55:00	2012-02-07 07:13:00
VP6T	Pitcairn Island	CG44	2012	56295	2012-01-13 02:04:00	2012-02-01 23:32:00
PJ4C	Bonaire	FK52	2012	84492	2012-01-14 04:01:00	2012-01-23 23:01:00
TN2T	Republic of the Congo	JI75	2012	50569	2012-01-23 06:17:00	2012-01-31 15:06:00
HU2DX	El Salvador	EK53	2012	45770	2012-01-30 10:03:00	2012-02-11 14:53:00
ZK2C	Niue	AH50	2012	48209	2012-02-04 12:09:00	2012-02-17 23:40:00
PJ7PT	Sint Maarten	FK88	2012	41792	2012-03-06 10:54:00	2012-03-18 20:00:00
A35YZ	Tonga	AG28	2012	41175	2012-03-07 15:41:00	2012-03-22 18:57:00
9M0L	Spratly Islands	OJ79	2012	41679	2012-04-10 15:32:00	2012-04-23 16:20:00
7O6T	Yemen	LK22	2012	162029	2012-05-01 03:00:00	2012-05-16 03:00:00
6O0CW	Somalia	LJ22	2012	53029	2012-05-07 21:01:00	2012-05-18 06:00:00
A5A	Bhutan	NL47	2012	38805	2012-05-24 06:00:00	2012-06-07 05:59:59
1A0C (2012)	Sov Military Order of Malta	JN61	2012	40960	2012-07-01 12:25:00	2012-07-05 11:46:00
CY9M	Saint Paul Island	FN97	2012	33267	2012-07-27 06:25:00	2012-07-31 22:23:00
D64K	Comoros	LH27	2012	61289	2012-08-08 22:22:00	2012-08-21 09:19:00
NH8S	Swains Island	AH48	2012	105391	2012-09-07 10:02:00	2012-09-16 10:01:00
3D2C	Conway Reef	RG78	2012	71693	2012-09-26 06:00:00	2012-10-03 05:59:59
TT8TT	Chad	JK72	2012	71803	2012-10-06 22:37:00	2012-10-16 06:00:00
T30PY, T30SIX	Western Kiribati	RJ61	2012	40211	2012-10-16 06:05:00	2012-10-24 18:00:00
V84SMD	Brunei	OJ74	2012	39141	2012-11-10 07:00:00	2012-11-24 06:59:59
PT0S	Saint Peter and Paul Rocks	HJ50	2012	44178	2012-11-11 05:03:00	2012-11-23 17:17:00
7P8D	Lesotho	KG30	2012	32444	2012-11-22 22:15:00	2012-12-03 11:16:00
5T0SP	Mauritania	IK28	2012	83585	2012-11-25 04:00:00	2012-12-10 22:06:00
ZL9HR	New Zealand Subantarctic Islands	RD47	2012	42922	2012-12-01 07:00:00	2012-12-09 06:59:59
5X8C	Uganda	KJ60	2013	81377	2013-02-07 22:42:00	2013-02-17 17:03:00
9U4U	Burundi	KI46	2013	70324	2013-02-15 00:31:00	2013-02-24 20:53:00
XT2TT	Burkina Faso	IK92	2013	76376	2013-02-21 18:34:00	2013-03-06 07:00:00
TX5K	Clipperton Island	DK50	2013	113603	2013-03-02 12:36:00	2013-03-10 06:59:00
H44G	Solomon Islands	RI00	2013	30254	2013-03-09 14:09:00	2013-03-25 02:58:00
9M4SLL	Spratly Islands	OJ79	2013	43706	2013-03-10 07:00:00	2013-03-19 05:59:59
5W0M	Samoa	AH46	2013	67229	2013-04-04 12:09:00	2013-04-17 10:34:00
HP0INT	Panama	FJ08	2013	32188	2013-09-06 05:31:00	2013-09-19 05:03:00
H7H	Nicaragua	EK62	2013	40808	2013-10-02 10:39:00	2013-10-17 05:47:00
TO2TT	Mayotte	LH27	2013	64009	2013-10-03 16:48:00	2013-10-16 06:00:00
TN2MS	Republic of the Congo	JI75	2013	30133	2013-10-12 06:00:00	2013-10-25 05:59:59
5J0R	San Andres Island	EK92	2013	80508	2013-11-01 19:19:00	2013-11-11 23:03:00
K9W	Wake Island	RK39	2013	100031	2013-11-02 13:57:00	2013-11-15 14:25:00
T33A	Banaba Island	RI49	2013	83098	2013-11-06 06:11:00	2013-11-17 12:57:00
XR0ZR	Juan Fernandez Islands	FF06	2013	59311	2013-11-09 08:56:00	2013-11-21 15:28:00
J88HL	Saint Vincent	FK93	2013	78257	2013-11-15 19:26:00	2013-12-02 02:49:00
XZ1J	Myanmar	NK86	2013	53658	2013-11-15 21:46:00	2013-11-26 09:51:00
S21ZBB, S21ZBC	Bangladesh	NL53	2013	52069	2013-11-16 18:00:00	2013-11-26 04:20:00
3DA0ET	Kingdom of Eswatini	KG53	2013	34949	2013-11-17 09:23:00	2013-11-27 04:14:00
VU7AG	Lakshadweep Islands	MK60	2013	55305	2013-11-20 19:53:00	2013-12-11 01:16:00
FT5ZM	Amsterdam & St Paul Islands	MF82	2014	170110	2014-01-26 16:14:00	2014-02-12 09:20:00
TO7CC	Reunion Island	LG78	2014	48452	2014-02-08 01:57:00	2014-02-16 09:13:00
9J2T	Zambia	KH44	2014	71728	2014-02-28 23:56:00	2014-03-17 06:00:00
4S7DFG, 4S7FRG, 4S7LXG	Sri Lanka	MJ96	2014	34573	2014-03-11 23:30:00	2014-03-22 17:34:00
VP2V/SP...	British Virgin Islands	FK78	2014	44897	2014-03-19 04:59:00	2014-04-01 16:15:00
TX6G	Austral Islands	BG56	2014	76941	2014-03-20 11:40:00	2014-04-02 06:07:00
ZL7AAA	Chatham Island	AE16	2014	32732	2014-03-20 18:37:00	2014-03-31 23:19:00
E51M	North Cook Islands	AH79	2012	48052	2014-03-28 10:11:00	2014-04-10 16:00:00
VK9MT	Mellish Reef	QH72	2014	40114	2014-03-30 10:34:00	2014-04-04 19:53:00
TY1AA	Benin	JJ16	2014	81220	2014-09-11 19:16:00	2014-09-26 06:00:00
T30D	Western Kiribati	RJ61	2014	68972	2014-10-02 12:18:00	2014-10-15 19:02:00
VK9DLX, VK9LM	Lord Howe Island	QF98	2014	116866	2014-10-13 14:46:00	2014-11-10 05:01:00
VK9XSP	Christmas Island	OH29	2014	52257	2014-10-18 20:43:00	2014-10-31 17:38:00
5R8M	Madagascar	LH31	2014	69452	2014-10-21 21:38:00	2014-11-03 17:27:00
FT4TA	Tromelin Island	LH74	2014	70798	2014-10-31 00:59:00	2014-11-10 08:27:00
VU4KV	Andaman & Nicobar Islands	NK61	2014	49801	2014-11-16 20:33:00	2014-12-01 01:30:00
1A0C (2014)	Sov Military Order of Malta	JN61	2014	60247	2014-12-28 15:19:00	2015-01-06 17:23:00
EP6T	Iran	LM55	2015	68044	2015-01-16 22:05:00	2015-01-27 10:08:00
K1N	Navassa Island	FK28	2015	140011	2015-02-02 06:14:00	2015-02-15 18:27:00
3G0ZC	Juan Fernandez Islands	FF06	2015	51583	2015-02-25 08:44:00	2015-03-04 19:08:00
E30FB	Eritrea	KK95	2015	64584	2015-03-06 21:44:00	2015-03-17 15:00:00
9Q0HQ	Dem. Rep. of the Congo	JI75	2015	84379	2015-03-10 16:49:00	2015-03-25 06:00:00
7QAA	Malawi	KH66	2015	67306	2015-03-12 19:43:00	2015-03-31 16:08:00
5Z0L	Kenya	KI88	2015	40326	2015-05-21 13:35:00	2015-05-30 06:00:00
E6GG	Niue	AH50	2015	48708	2015-09-17 03:55:00	2015-09-29 01:13:00
T2GC	Tuvalu	RI91	2015	35308	2015-09-24 11:44:00	2015-10-14 22:58:00
TX3X	Chesterfield Islands	QH90	2015	50117	2015-10-02 03:52:00	2015-10-11 23:17:00
S79SP	Seychelles Islands	LI75	2015	45352	2015-10-03 15:56:00	2015-10-18 20:51:00
V73D	Marshall Islands	RJ57	2015	64686	2015-10-13 12:20:00	2015-10-28 09:01:00
3W3MD	Viet Nam	OL21	2015	50507	2015-10-31 20:10:00	2015-11-10 06:52:00
VK9WA	Willis Island	QH43	2015	61739	2015-11-14 16:25:00	2015-11-24 02:03:00
K5P	Palmyra & Jarvis Islands	AJ85	2016	75327	2016-01-12 15:06:00	2016-01-27 01:44:00
ET7L	Ethiopia	KJ99	2016	45536	2016-01-17 23:02:00	2016-04-30 09:59:00
VP8STI	South Sandwich Islands	HD63	2016	54655	2016-01-18 18:49:00	2016-01-26 03:25:00
VP8SGI	South Georgia Islands	HD15	2016	82847	2016-01-29 21:46:00	2016-02-07 14:41:00
7P8C	Lesotho	KG30	2016	50267	2016-02-09 03:52:00	2016-02-18 06:44:00
3XY1T	Guinea	IJ59	2016	91241	2016-02-18 20:36:00	2016-03-04 07:00:00
TX7EU	Marquesas Islands	BI91	2016	32282	2016-03-04 03:33:00	2016-03-15 20:30:00
5J0P	San Andres Island	EK92	2016	61872	2016-03-07 05:15:00	2016-03-21 11:43:00
VK0EK	Heard Island	MD66	2016	75189	2016-03-23 22:37:00	2016-04-11 06:27:00
FT4JA	Juan de Nova, Europa	LH12	2016	105651	2016-03-30 18:37:00	2016-04-11 02:57:00
EP2A	Iran	LM55	2016	68232	2016-04-15 18:37:00	2016-04-26 15:45:00
CY9C	Saint Paul Island	FN97	2016	64396	2016-08-18 08:46:00	2016-08-29 08:23:00
D66D	Comoros	LH27	2016	42881	2016-09-18 19:42:00	2016-09-30 05:04:00
MD/DL-TEAM	Isle of Man	IO74	2016	31875	2016-09-23 18:00:00	2016-10-03 21:53:00
T31T (2016)	Central Kiribati	BJ11	2016	30394	2016-10-06 03:03:00	2016-10-16 02:01:00
S9YY	Sao Tome & Principe	JJ30	2016	51036	2016-10-08 06:33:00	2016-10-23 17:32:00
ZL7G	Chatham Island	AE16	2016	42723	2016-10-28 12:21:00	2016-11-09 01:41:00
XU7MDC	Cambodia	OK21	2016	35459	2016-11-03 16:03:00	2016-11-14 03:40:00
TU5MH	Cote d\'Ivoire	IJ75	2017	32323	2017-01-22 23:23:00	2017-02-02 16:02:00
TL8TT	Central African Republic	JJ94	2017	63152	2017-02-01 23:37:00	2017-02-14 07:00:00
XX9D (2017)	Macao	OL62	2017	44689	2017-02-13 15:41:00	2017-02-27 06:38:00
VP6EU	Pitcairn Island	CG44	2017	39034	2017-02-17 05:09:00	2017-03-06 04:24:00
5U5R	Niger	JK13	2017	75327	2017-03-09 16:13:00	2017-03-20 23:32:00
9N7EI	Nepal	NL27	2017	30424	2017-03-10 19:53:00	2017-03-19 16:45:00
TU7C	Cote d\'Ivoire	IJ75	2017	52357	2017-03-11 01:13:00	2017-03-19 20:00:00
S21ZED, S21ZEE	Bangladesh	NL53	2017	51430	2017-03-15 00:00:00	2017-03-26 23:59:00
A25UK	Botswana	KG27	2017	44384	2017-04-26 02:52:00	2017-05-06 09:57:00
E31A (2017)	Eritrea	KK95	2017	36484	2017-05-18 21:06:00	2017-05-29 18:06:00
5T5OK	Mauritania	IK28	2017	43235	2017-09-17 00:02:00	2017-09-29 02:51:00
3C1L	Equatorial Guinea	JJ43	2017	43616	2017-10-10 02:26:00	2017-11-12 12:01:00
3C0L	Annobon	JI28	2017	32445	2017-10-13 23:33:00	2017-10-25 11:30:00
VK9MA	Mellish Reef	QH72	2017	43747	2017-11-04 15:34:00	2017-11-16 03:07:00
9U4M	Burundi	KI46	2017	55005	2017-11-07 04:16:00	2017-11-17 04:35:00
VP2MDL	Montserrat	FK86	2017	36728	2017-11-07 21:47:00	2017-11-20 15:34:00
J5T	Guinea-Bissau	IK21	2017	63635	2017-11-13 19:00:00	2017-11-26 17:00:00
TO2SP	Saint Barthélemy	FK87	2017	63030	2017-11-16 07:01:00	2017-11-30 17:14:00
E31A (2018)	Eritrea	KK95	2018	33228	2018-01-15 01:48:00	2018-01-22 19:02:00
Z60A	Republic of Kosovo	KN02	2018	98491	2018-01-20 16:04:00	2018-03-13 02:17:00
ZC4A	UK Bases on Cyprus	KM64	2018	33537	2018-01-25 22:19:00	2018-01-31 18:05:00
3D2EU	Rotuma	RH87	2018	30138	2018-02-25 10:48:00	2018-03-15 15:57:00
3C3W	Equatorial Guinea	JJ43	2018	30323	2018-03-01 02:41:00	2018-03-09 13:00:00
XR0YD	Easter Island	DG52	2018	46429	2018-03-03 05:39:00	2018-03-15 19:02:00
TY7C	Benin	JJ16	2018	39074	2018-03-09 03:51:00	2018-03-18 17:32:00
TN5R	Republic of the Congo	JI75	2018	62251	2018-03-09 23:29:00	2018-03-20 04:44:00
3C0W	Annobon	JI28	2018	54267	2018-03-11 01:30:00	2018-03-24 10:03:00
TJ2TT	Cameroon	JJ53	2018	51476	2018-03-15 19:17:00	2018-03-29 20:11:00
7Q7EI	Malawi	KH66	2018	37071	2018-03-24 04:05:00	2018-04-02 22:28:00
3B7A	Agalega & St. Brandon Islands	LH89	2018	71093	2018-04-06 23:02:00	2018-04-17 23:24:00
KH1/KH7Z	Baker Howland Islands	AJ10	2018	68980	2018-06-27 13:58:00	2018-07-05 17:58:00
TO6OK	Mayotte	LH27	2018	47666	2018-09-22 01:00:00	2018-10-06 02:59:00
9X0T, 9X0Y	Rwanda	KI48	2018	67441	2018-09-26 16:16:00	2018-10-10 11:01:00
VP6D	Ducie Island	CG75	2018	112015	2018-10-20 10:16:00	2018-10-31 22:20:00
Z23MD	Zimbabwe	KH52	2018	45978	2018-10-27 19:35:00	2018-11-06 11:00:00
8P9AE	Barbados	GK03	2018	37461	2018-11-07 09:55:00	2018-11-20 17:00:00
9LY1JM	Sierra Leone	IJ38	2019	50343	2019-01-11 03:33:00	2019-01-20 12:33:00
V84SAA	Brunei	OJ74	2019	58156	2019-02-06 09:14:00	2019-02-17 18:23:00
XX9D (2019)	Macao	OL62	2019	36195	2019-02-11 15:30:00	2019-02-26 07:38:00
T31EU	Central Kiribati	BJ11	2019	39482	2019-02-17 16:58:00	2019-03-06 00:37:00
XR0ZRC	Juan Fernandez Islands	FF06	2019	37363	2019-03-11 08:30:00	2019-04-02 17:47:00
5X3C, 5X3E	Uganda	KJ60	2019	57964	2019-03-13 16:58:00	2019-03-25 14:10:00
5V7EI	Togo	JJ06	2019	50211	2019-03-15 01:54:00	2019-03-27 05:59:00
C5DL	The Gambia	IK13	2019	32759	2019-04-02 20:40:00	2019-04-15 13:02:00
E31A (2019)	Eritrea	KK95	2019	37420	2019-05-25 21:49:00	2019-06-03 17:42:00
3D2CR (2019)	Conway Reef	RG78	2019	33828	2019-06-01 13:57:00	2019-06-09 18:19:00
1A0C (2019)	Sov Military Order of Malta	JN61	2019	38303	2019-07-15 13:56:00	2019-07-21 16:01:00
ZK3A	Tokelau Islands	AI40	2019	49922	2019-09-25 13:53:00	2019-10-08 17:04:00
A82X, A82Z	Liberia	IJ46	2019	66494	2019-09-30 18:06:00	2019-10-11 19:45:00
TO80SP	Saint Pierre & Miquelon	GN16	2019	34835	2019-10-04 05:05:00	2019-10-14 07:05:00
5K0K	San Andres Island	EK92	2019	64330	2019-10-16 06:57:00	2019-10-29 06:12:00
VP6R	Pitcairn Island	CG44	2019	82700	2019-10-18 07:55:00	2019-11-02 00:02:00
D68CCC	Comoros	LH27	2019	62832	2019-10-22 01:14:00	2019-11-01 08:00:00
TX7T	Marquesas Islands	BI91	2019	31540	2019-11-07 12:06:00	2019-11-20 00:26:00
VK9NK	Norfolk Island	RG30	2020	57802	2020-01-13 09:22:00	2020-07-05 08:00:00
HU1DL	El Salvador	EK53	2020	60205	2020-01-31 02:51:00	2020-02-14 00:10:00
5I5TT, 5I4ZZ	Tanzania	KI93	2020	47371	2020-02-05 02:45:00	2020-02-18 10:39:00
E44CC	Palestine	KM71	2020	51597	2020-02-06 22:25:00	2020-02-16 19:16:00
5H4WZ	Tanzania	KI93	2020	30048	2020-02-07 01:29:00	2020-02-18 09:13:00
VP8PJ	South Orkney Islands	GC79	2020	83770	2020-02-23 06:56:00	2020-03-06 08:00:00
TO7DL	Reunion Island	LG78	2020	35668	2020-03-04 19:10:00	2020-03-17 10:32:00
9J2LA	Zambia	KH44	2020	35377	2020-03-06 02:31:00	2020-03-15 10:26:00
Z66DX	Republic of Kosovo	KN02	2020	34902	2020-10-15 00:17:00	2020-10-28 14:08:00
7Q7RU	Malawi	KH66	2020	47080	2020-11-11 04:20:00	2020-12-18 04:51:00
A25RU	Botswana	KG27	2021	48595	2021-03-16 00:25:00	2021-04-02 04:21:00
C92RU	Mozambique	KG64	2021	43971	2021-04-04 03:26:00	2021-04-14 05:03:00
D60AC, D60AD	Comoros	LH27	2021	35602	2021-09-18 00:16:00	2021-10-03 02:44:00
3D2CR (2021)	Conway Reef	RG78	2021	40905	2021-09-18 09:41:00	2021-09-25 23:10:00
S9OK	Sao Tome & Principe	JJ30	2021	107505	2021-10-03 18:14:00	2021-10-16 19:44:00
3DA0RU	Kingdom of Eswatini	KG53	2021	94464	2021-10-07 17:56:00	2021-10-21 08:52:00
J5T, J5HKT	Guinea-Bissau	IK21	2021	71437	2021-10-09 22:31:00	2021-10-22 17:37:00
3DA0WW	Kingdom of Eswatini	KG53	2021	31376	2021-10-14 02:29:00	2021-10-25 21:39:00
7P8RU	Lesotho	KG30	2021	85876	2021-10-22 20:06:00	2021-11-04 15:45:00
HD8R	Galapagos Islands	EI49	2021	110368	2021-10-26 06:20:00	2021-11-08 09:37:00
TU5PCT	Cote d\'Ivoire	IJ75	2022	42256	2022-02-06 03:42:00	2022-02-13 20:05:00
TX5N	Austral Islands	BG56	2022	54198	2022-04-17 12:40:00	2022-04-29 17:15:00
JW0X	Svalbard	JQ78	2022	32223	2022-04-19 22:51:00	2022-04-25 18:01:00
VU4W	Andaman & Nicobar Islands	NK61	2022	33577	2022-05-03 00:43:00	2022-05-15 17:43:00
3D2RRR	Rotuma	RH87	2022	57785	2022-05-24 10:33:00	2022-06-02 23:52:00
Z21RU	Zimbabwe	KH52	2022	53180	2022-06-17 13:01:00	2022-06-28 21:41:00
7Q5RU	Malawi	KH66	2022	53405	2022-06-30 06:01:00	2022-07-12 07:53:00
D60AE	Comoros	LH27	2022	73092	2022-10-07 01:25:00	2022-10-17 09:27:00
TO2DL	Guadeloupe	FK96	2022	43969	2022-10-11 14:32:00	2022-10-23 15:58:00
TY0RU	Benin	JJ16	2022	124607	2022-10-13 06:01:00	2022-10-30 20:29:00
5V7RU (2022)	Togo	JJ06	2022	102050	2022-10-23 05:31:00	2022-11-10 19:07:00
P29RO	Papua New Guinea	QI73	2022	93737	2022-10-25 16:27:00	2022-11-09 11:27:00
J28MD	Djibouti	LK11	2022	91303	2022-10-29 01:16:00	2022-11-08 12:00:00
A35GC	Tonga	AG28	2022	41146	2022-11-03 03:59:00	2022-11-20 08:20:00
T33T	Banaba Island	RI49	2022	87474	2022-11-05 09:04:00	2022-11-25 14:31:00
TL8AA, TL8ZZ	Central African Republic	JJ94	2022	92277	2022-11-13 03:59:00	2022-11-25 18:39:00
5R8..	Madagascar	LH31	2022	35526	2022-11-23 03:16:00	2022-12-03 09:55:00
FT8WW	Crozet Island	LE53	2022	50823	2022-12-25 05:32:00	2023-03-15 20:12:00
TN8K	Republic of the Congo	JI75	2023	164939	2023-01-07 01:46:00	2023-01-20 13:20:00
9U5R, 9U4WX	Burundi	KI46	2023	60148	2023-02-04 21:21:00	2023-03-07 15:34:00
3B7M	Agalega & St. Brandon Islands	LH89	2023	115429	2023-02-26 05:32:00	2023-03-08 10:39:00
9X5RU	Rwanda	KI48	2023	167325	2023-03-20 00:56:00	2023-04-05 06:18:00
CY0S	Sable Island	FN93	2023	84486	2023-03-21 03:15:00	2023-03-30 06:00:00
V26EI	Antigua & Barbuda	FK97	2023	54893	2023-03-25 04:22:00	2023-04-02 22:33:00
E6AF, E6CI	Niue	AH50	2023	41728	2023-03-28 07:27:00	2023-04-10 05:45:00
T30UN	Western Kiribati	RJ61	2023	111237	2023-04-09 12:52:00	2023-04-30 23:16:00
4W1A	Timor-Leste	PI21	2023	43270	2023-04-12 16:44:00	2023-04-22 08:08:00
E51CIK, E51WEG	South Cook Islands	BG08	2023	42359	2023-04-13 10:53:00	2023-04-28 05:59:00
VU7W	Lakshadweep Islands	MK60	2023	40110	2023-04-15 19:52:00	2023-04-28 23:33:00
T31TT	Central Kiribati	BJ11	2023	74786	2023-05-31 09:36:00	2023-06-09 07:00:00
VP6A	Ducie Island	CG75	2023	61816	2023-06-09 00:36:00	2023-06-24 22:13:00
4W6RU	Timor-Leste	PI21	2023	78912	2023-06-28 16:59:00	2023-07-20 17:25:00
9Q1AA, 9Q1ZZ	Dem. Rep. of the Congo	JI75	2023	71240	2023-07-07 14:13:00	2023-07-17 20:22:00
1A0C (2023)	Sov Military Order of Malta	JN61	2023	79959	2023-07-26 16:24:00	2023-08-02 13:15:00
E51D	North Cook Islands	AH79	2023	56970	2023-08-22 15:08:00	2023-09-09 00:24:00
T22T	Tuvalu	RI91	2023	92203	2023-09-21 02:31:00	2023-10-05 01:03:00
YJ0TT	Vanuatu	RH42	2023	49527	2023-09-24 06:33:00	2023-11-04 01:32:00
ZD9W	Tristan da Cunha & Gough Islands	IF32	2023	70112	2023-09-29 21:23:00	2023-10-23 02:28:00
5X3K	Uganda	KJ60	2023	60190	2023-09-29 23:15:00	2023-10-07 21:42:00
5W0LM	Samoa	AH46	2023	31003	2023-10-02 05:33:00	2023-10-13 20:28:00
TX6D	French Polynesia	BH52	2023	65877	2023-10-03 05:29:00	2023-10-15 10:56:00
W8S	Swains Island	AH48	2023	91630	2023-10-07 13:02:00	2023-10-17 07:28:00
T2C	Tuvalu	RI91	2023	112914	2023-10-10 13:10:00	2023-10-30 10:02:00
E6AM	Niue	AH50	2023	41923	2023-10-10 13:12:00	2023-10-23 20:59:00
TO8FH	Mayotte	LH27	2023	75632	2023-10-10 23:46:00	2023-10-22 09:42:00
A25R	Botswana	KG27	2023	146210	2023-10-27 16:59:00	2023-11-12 22:19:00
7O8AD, 7O8AE	Yemen	LK22	2023	57102	2023-11-03 20:55:00	2023-11-16 06:18:00
TJ9MD	Cameroon	JJ53	2023	101419	2023-11-04 04:00:00	2023-11-14 22:48:00
TX7L	Marquesas Islands	BI91	2023	53637	2023-11-05 04:44:00	2023-11-19 17:26:00
4W8X	Timor-Leste	PI21	2023	163242	2023-11-07 18:52:00	2023-12-03 08:25:00
7O73T	Yemen	LK22	2023	41304	2023-11-11 04:38:00	2023-11-27 17:22:00
VK9XY	Christmas Island	OH29	2023	35357	2023-11-15 21:13:00	2023-11-27 18:44:00
H44WA	Solomon Islands	RI00	2023	60503	2023-11-16 02:18:00	2023-11-29 08:41:00
XW4DX	Laos	OK17	2023	43616	2023-11-17 21:14:00	2023-11-27 06:10:00
VU7A	Lakshadweep Islands	MK60	2023	41602	2023-12-05 02:11:00	2023-12-13 09:59:00
T32TT	Eastern Kiribati	BJ11	2023	188203	2023-12-05 07:01:00	2024-01-06 17:33:00
PJ5/SP9FIH	Saba & St Eustatius	FK87	2024	123427	2024-01-16 05:09:00	2024-04-03 20:42:00
ZD7Z	Saint Helena	IH74	2024	47638	2024-01-16 23:39:00	2024-02-03 17:28:00
TX5S	Clipperton Island	DK50	2024	113774	2024-01-20 09:13:00	2024-01-28 19:59:00
5X7O	Uganda	KJ60	2024	46388	2024-02-07 16:00:00	2024-02-19 12:09:00
CB0ZA, ZEW, ZW	Juan Fernandez Islands	FF06	2024	93908	2024-02-13 07:45:00	2024-02-24 07:39:00
8R7X	Guyana	GJ06	2024	73426	2024-02-13 22:20:00	2024-02-25 18:21:00
FW8GC, TX8GC	Wallis & Futuna Islands	AH16	2024	54970	2024-02-19 11:05:00	2024-03-09 05:04:00
H40WA	Temotu Province	RH29	2024	60527	2024-02-25 07:00:00	2024-03-06 05:07:00
TY5C	Benin	JJ16	2024	41334	2024-03-03 16:13:00	2024-03-29 18:02:00
J38R	Grenada	FK92	2024	92782	2024-03-05 06:25:00	2024-03-17 16:19:00
T32EU	Eastern Kiribati	BJ11	2024	40262	2024-03-13 13:36:00	2024-03-26 07:01:00
7P8EI	Lesotho	KG30	2024	52079	2024-03-21 15:01:00	2024-03-29 23:59:00
A8OK	Liberia	IJ46	2024	122337	2024-04-05 20:24:00	2024-04-18 18:56:00
TX7W	Austral Islands	BG56	2024	60591	2024-04-17 03:40:00	2024-05-01 03:03:00
TT8RR, TT8XX, TT8TT	Chad	JK72	2024	83575	2024-04-17 15:19:00	2024-04-30 10:58:00
3G0YA	Easter Island	DG52	2024	140060	2024-04-18 22:18:00	2024-05-06 21:18:00
A52P, A52CI	Bhutan	NL47	2024	57967	2024-04-19 06:17:00	2024-05-06 11:21:00
3D2CCC	Conway Reef	RG78	2024	117945	2024-04-28 11:31:00	2024-05-06 21:42:00
FT4GL	Glorioso Island	LH38	2024	61013	2024-05-24 14:37:00	2024-06-19 01:52:00
5U5K	Niger	JK13	2024	41186	2024-06-08 01:06:00	2024-06-23 10:33:00
K8K	American Samoa	AH45	2024	31195	2024-06-29 03:43:00	2024-07-10 05:58:00
N5J	Palmyra & Jarvis Islands	AJ85	2024	106885	2024-08-07 06:36:00	2024-08-20 22:59:00
CY9C (2024)	Saint Paul Island	FN97	2024	113436	2024-08-26 01:04:00	2024-09-05 15:25:00
KH8T	American Samoa	AH45	2024	43068	2024-09-04 07:12:00	2024-09-16 18:19:00
5H1WX	Tanzania	KI93	2024	41336	2024-09-19 01:15:00	2024-10-06 08:10:00
3D22, 3D2V	Rotuma	RH87	2024	119221	2024-10-02 06:01:00	2024-10-15 09:22:00
PX0FF	Fernando de Noronha	HI36	2024	159089	2024-10-05 19:06:00	2024-10-21 21:47:00
C21MM	Nauru	RI39	2024	95628	2024-10-10 13:23:00	2024-10-29 03:13:00
5R8CI, 5R8WE	Madagascar	LH31	2024	33695	2024-10-23 23:12:00	2024-11-07 05:00:00
3DA0DL	Kingdom of Eswatini	KG53	2024	49192	2024-10-26 15:57:00	2024-11-09 10:09:00
XT2MD	Burkina Faso	IK92	2024	77111	2024-11-01 03:30:00	2024-11-11 12:20:00
VK9CV	Cocos (Keeling) Island	NH87	2024	105789	2024-11-01 18:40:00	2024-11-15 06:30:00
V55LA	Namibia	JG87	2024	35374	2024-11-02 03:18:00	2024-11-10 18:42:00
E51SGC	South Cook Islands	BG08	2024	48111	2024-11-07 14:46:00	2024-11-24 13:03:00
S9Z	Sao Tome & Principe	JJ30	2024	52223	2024-11-10 23:00:00	2024-11-20 14:05:00
3D2Y	Rotuma	RH87	2024	32931	2024-11-15 10:49:00	2024-12-02 17:02:00
A35GC (2024)	Tonga	AG28	2024	30461	2024-11-25 12:15:00	2024-12-06 20:17:00
VU4A	Andaman & Nicobar Islands	NK61	2024	30972	2024-11-27 22:44:00	2024-12-10 08:23:00
9L5A	Sierra Leone	IJ38	2024	103406	2024-11-29 04:35:00	2024-12-08 00:00:00
T32TTT	Eastern Kiribati	BJ11	2024	95880	2024-12-18 02:14:00	2025-01-01 17:25:00
TX7N	Marquesas Islands	BI91	2025	40430	2025-01-13 07:08:00	2025-01-27 19:07:00
V73WW	Marshall Islands	RJ57	2025	103843	2025-02-12 04:53:00	2025-02-25 16:38:00
4S7SPG	Sri Lanka	MJ96	2025	43021	2025-02-16 00:24:00	2025-03-01 19:41:00
5N9DTG	Nigeria	JJ16	2025	126993	2025-02-17 17:10:00	2025-03-01 16:37:00
VK9XU	Christmas Island	OH29	2025	58267	2025-02-18 18:51:00	2025-03-04 06:01:00
D68Z	Comoros	LH27	2025	74881	2025-03-01 20:40:00	2025-04-02 10:34:00
VK9CU	Cocos (Keeling) Island	NH87	2025	34754	2025-03-04 20:50:00	2025-03-11 11:08:00
VU4AX	Andaman & Nicobar Islands	NK61	2025	65429	2025-03-11 21:49:00	2025-03-20 14:30:00
6Y7EI	Jamaica	FK18	2025	101591	2025-03-13 21:39:00	2025-03-24 21:17:00
FJ/SP9FIH, TO1P	Saint Barthélemy	FK87	2025	42618	2025-03-20 08:23:00	2025-04-05 16:28:00
3B9DJ	Rodrigues Island	MH10	2025	79015	2025-03-24 22:23:00	2025-04-05 10:53:00
VP2VI	British Virgin Islands	FK78	2025	173475	2025-04-10 06:01:00	2025-04-27 10:54:00
HD8G	Galapagos Islands	EI49	2025	50979	2025-04-19 06:55:00	2025-04-27 04:23:00
TX9A	Austral Islands	BG56	2025	72460	2025-04-26 05:48:00	2025-05-07 10:09:00
ZS8W	Prince Edward & Marion Islands	KE83	2025	31672	2025-04-27 18:52:00	2025-05-13 15:42:00
Z68TT, Z68ZZ	Republic of Kosovo	KN02	2025	61010	2025-05-06 23:47:00	2025-05-17 11:46:00
PJ7K	Sint Maarten	FK88	2025	93063	2025-09-12 23:08:00	2025-09-23 16:40:00
E44OM	Palestine	KM71	2025	53448	2025-09-13 23:03:00	2025-09-22 21:21:00
FP5KE	Saint Pierre & Miquelon	GN16	2025	131476	2025-09-16 23:44:00	2025-09-26 15:29:00
V6D	Micronesia	QJ96	2025	93694	2025-09-22 14:21:00	2025-10-06 21:25:00
PJ6Y	Saba & St Eustatius	FK87	2025	55369	2025-09-30 22:57:00	2025-10-28 17:51:00
E6AD	Niue	AH50	2025	92531	2025-10-07 11:39:00	2025-10-21 00:09:00
5K0UA	San Andres Island	EK92	2025	77340	2025-10-17 02:47:00	2025-11-04 02:18:00
FW5K	Wallis & Futuna Islands	AH16	2025	37808	2025-10-18 10:53:00	2025-10-31 12:29:00
6O3T	Somalia	LJ22	2025	75023	2025-10-21 01:50:00	2025-11-04 14:22:00
TL8GD	Central African Republic	JJ94	2025	42244	2025-10-24 14:36:00	2025-12-07 06:22:00
5R8TT, 5R8XX	Madagascar	LH31	2025	56762	2025-10-29 16:00:00	2025-11-12 08:34:00
9L8MD	Sierra Leone	IJ38	2025	101904	2025-10-29 18:00:00	2025-11-10 19:40:00
9U1RU	Burundi	KI46	2025	179814	2025-10-31 04:15:00	2025-11-20 23:39:00
ZL7/LZ1GC	Chatham Island	AE16	2025	34317	2025-11-03 07:03:00	2025-11-20 14:29:00
5V7RU (2025)	Togo	JJ06	2025	31244	2025-11-06 21:32:00	2025-11-19 18:30:00
